symbol,company_name
AAL.csv + American Airlines Group Inc. Common Stock,
AAME.csv + Atlantic American Corporation Common Stock,
AAOI.csv + Applied Optoelectronics Inc. Common Stock,
AAON.csv + AAON Inc. Common Stock,
AAPL.csv + Apple Inc. Common Stock,
ABCB.csv + Ameris Bancorp Common Stock,
ABIO.csv + ARCA biopharma Inc. Common Stock,
ACAD.csv + ACADIA Pharmaceuticals Inc. Common Stock,
ACET.csv + Adicet Bio Inc. Common Stock,
ACGL.csv + Arch Capital Group Ltd. Common Stock,
ACHC.csv + Acadia Healthcare Company Inc. Common Stock,
ACIW.csv + ACI Worldwide Inc. Common Stock,
ACLS.csv + Axcelis Technologies Inc. Common Stock,
ACNB.csv + ACNB Corporation Common Stock,
ACOR.csv + Acorda Therapeutics Inc. Common Stock,
ACRX.csv + AcelRx Pharmaceuticals Inc. Common Stock,
ACST.csv + Acasti Pharma Inc. Class A Common Stock,
ACTG.csv + Acacia Research Corporation (Acacia Tech) Common Stock,
ADBE.csv + Adobe Inc. Common Stock,
ADES.csv + Advanced Emissions Solutions Inc. Common Stock,
ADI.csv + Analog Devices Inc. Common Stock,
ADMA.csv + ADMA Biologics Inc Common Stock,
ADMP.csv + Adamis Pharmaceuticals Corporation Common Stock,
ADP.csv + Automatic Data Processing Inc. Common Stock,
ADSK.csv + Autodesk Inc. Common Stock,
ADTN.csv + ADTRAN Holdings Inc. Common Stock,
ADUS.csv + Addus HomeCare Corporation Common Stock,
AEHR.csv + Aehr Test Systems Common Stock,
AEIS.csv + Advanced Energy Industries Inc. Common Stock,
AEY.csv + ADDvantage Technologies Group Inc. Common Stock,
AEZS.csv + Aeterna Zentaris Inc. Common Stock,
AFMD.csv + Affimed N.V.,
AGEN.csv + Agenus Inc. Common Stock,
AGIO.csv + Agios Pharmaceuticals Inc. Common Stock,
AGRX.csv + Agile Therapeutics Inc. Common Stock,
AGYS.csv + Agilysys Inc. Common Stock (DE),
AIRT.csv + Air T Inc. Common Stock,
AKAM.csv + Akamai Technologies Inc. Common Stock,
AKBA.csv + Akebia Therapeutics Inc. Common Stock,
ALCO.csv + Alico Inc. Common Stock,
ALDX.csv + Aldeyra Therapeutics Inc. Common Stock,
ALGN.csv + Align Technology Inc. Common Stock,
ALGT.csv + Allegiant Travel Company Common Stock,
ALIM.csv + Alimera Sciences Inc. Common Stock,
ALKS.csv + Alkermes plc Ordinary Shares,
ALLT.csv + Allot Ltd. Ordinary Shares,
ALNY.csv + Alnylam Pharmaceuticals Inc. Common Stock,
AMAT.csv + Applied Materials Inc. Common Stock,
AMBA.csv + Ambarella Inc. Ordinary Shares,
AMBC.csv + Ambac Financial Group Inc. Common Stock,
AMCX.csv + AMC Networks Inc. Class A Common Stock,
AMD.csv + Advanced Micro Devices Inc. Common Stock,
AMED.csv + Amedisys Inc Common Stock,
AMGN.csv + Amgen Inc. Common Stock,
AMKR.csv + Amkor Technology Inc. Common Stock,
AMNB.csv + American National Bankshares Inc. Common Stock,
AMOT.csv + Allied Motion Technologies Inc.,
AMPH.csv + Amphastar Pharmaceuticals Inc. Common Stock,
AMRN.csv + Amarin Corporation plc,
AMRS.csv + Amyris Inc. Common Stock,
AMSC.csv + American Superconductor Corporation Common Stock,
AMSWA.csv + American Software Inc. Class A Common Stock,
AMTX.csv + Aemetis Inc. (DE) Common Stock,
AMWD.csv + American Woodmark Corporation Common Stock,
AMX.csv + America Movil S.A.B. de C.V. American Depositary Shares (each representing the right to receive twenty (20) Series B Shares,
AMZN.csv + Amazon.com Inc. Common Stock,
ANDE.csv + Andersons Inc. (The) Common Stock,
ANGI.csv + Angi Inc. Class A Common Stock,
ANGO.csv + AngioDynamics Inc. Common Stock,
ANIK.csv + Anika Therapeutics Inc. Common Stock,
ANIP.csv + ANI Pharmaceuticals Inc.,
ANY.csv + Sphere 3D Corp. Common Shares,
AOSL.csv + Alpha and Omega Semiconductor Limited Common Shares,
APDN.csv + Applied DNA Sciences Inc. Common Stock,
APEI.csv + American Public Education Inc. Common Stock,
APOG.csv + Apogee Enterprises Inc. Common Stock,
APTO.csv + Aptose Biosciences Inc. Common Shares,
APWC.csv + Asia Pacific Wire & Cable Corporation Ltd. Ordinary Shares (Bermuda),
ARAY.csv + Accuray Incorporated Common Stock,
ARCB.csv + ArcBest Corporation Common Stock,
ARCC.csv + Ares Capital Corporation Common Stock,
ARDX.csv + Ardelyx Inc. Common Stock,
ARIS.csv + Aris Water Solutions Inc. Class A Common Stock,
ARKR.csv + Ark Restaurants Corp. Common Stock,
ARLP.csv + Alliance Resource Partners L.P. Common Units representing Limited Partners Interests,
AROW.csv + Arrow Financial Corporation Common Stock,
ARRY.csv + Array Technologies Inc. Common Stock,
ARTNA.csv + Artesian Resources Corporation Class A Common Stock,
ASMB.csv + Assembly Biosciences Inc. Common Stock,
ASML.csv + ASML Holding N.V. New York Registry Shares,
ASPS.csv + Altisource Portfolio Solutions S.A. Common Stock,
ASRV.csv + AmeriServ Financial Inc. Common Stock,
ASTC.csv + Astrotech Corporation (DE) Common Stock,
ASTE.csv + Astec Industries Inc. Common Stock,
ASTI.csv + Ascent Solar Technologies Inc. Common Stock,
ASUR.csv + Asure Software Inc Common Stock,
ASYS.csv + Amtech Systems Inc. Common Stock,
ATAI.csv + ATAI Life Sciences N.V. Common Shares,
ATEC.csv + Alphatec Holdings Inc. Common Stock,
ATHX.csv + Athersys Inc. Common Stock,
ATLC.csv + Atlanticus Holdings Corporation Common Stock,
ATLO.csv + Ames National Corporation Common Stock,
ATNM.csv + Actinium Pharmaceuticals Inc. (Delaware) Common Stock,
ATOS.csv + Atossa Therapeutics Inc. Common Stock,
ATRA.csv + Atara Biotherapeutics Inc. Common Stock,
ATRC.csv + AtriCure Inc. Common Stock,
ATRO.csv + Astronics Corporation Common Stock,
ATSG.csv + Air Transport Services Group Inc,
ATVI.csv + Activision Blizzard Inc. Common Stock,
AUBN.csv + Auburn National Bancorporation Inc. Common Stock,
AUDC.csv + AudioCodes Ltd. Common Stock,
AUPH.csv + Aurinia Pharmaceuticals Inc Ordinary Shares,
AVAV.csv + AeroVironment Inc. Common Stock,
AVHI.csv + Achari Ventures Holdings Corp. I Common Stock,
AVID.csv + Avid Technology Inc. Common Stock,
AVNW.csv + Aviat Networks Inc. Common Stock,
AWRE.csv + Aware Inc. Common Stock,
AXDX.csv + Accelerate Diagnostics Inc. Common Stock,
AXGN.csv + Axogen Inc. Common Stock,
AXTI.csv + AXT Inc Common Stock,
AZPN.csv + Aspen Technology Inc. Common Stock,
BANF.csv + BancFirst Corporation Common Stock,
BANR.csv + Banner Corporation Common Stock,
BANX.csv + ArrowMark Financial Corp. Common Stock,
BBBY.csv + Bed Bath & Beyond Inc. Common Stock,
BBGI.csv + Beasley Broadcast Group Inc. Class A Common Stock,
BBSI.csv + Barrett Business Services Inc. Common Stock,
BCBP.csv + BCB Bancorp Inc. (NJ) Common Stock,
BCLI.csv + Brainstorm Cell Therapeutics Inc. Common Stock,
BCOV.csv + Brightcove Inc. Common Stock,
BCPC.csv + Balchem Corporation Common Stock,
BCRX.csv + BioCryst Pharmaceuticals Inc. Common Stock,
BCS.csv + Barclays PLC Common Stock,
BEAT.csv + Heartbeam Inc. Common Stock,
BECN.csv + Beacon Roofing Supply Inc. Common Stock,
BELFB.csv + Bel Fuse Inc. Class B Common Stock,
BFIN.csv + BankFinancial Corporation Common Stock,
BGCP.csv + BGC Partners Inc Class A Common Stock,
BGFV.csv + Big 5 Sporting Goods Corporation Common Stock,
BIDU.csv + Baidu Inc. ADS,
BIIB.csv + Biogen Inc. Common Stock,
BIOC.csv + Biocept Inc. Common Stock,
BIOS.csv + BioPlus Acquisition Corp. Class A Ordinary Shares,
BJRI.csv + BJ's Restaurants Inc. Common Stock,
BKCC.csv + BlackRock Capital Investment Corporation Common Stock,
BLCM.csv + Bellicum Pharmaceuticals Inc. Common Stock,
BLDP.csv + Ballard Power Systems Inc. Common Shares,
BLDR.csv + Builders FirstSource Inc. Common Stock,
BLFS.csv + BioLife Solutions Inc. Common Stock,
BLIN.csv + Bridgeline Digital Inc. Common Stock,
BLKB.csv + Blackbaud Inc. Common Stock,
BLMN.csv + Bloomin' Brands Inc. Common Stock,
BLRX.csv + BioLineRx Ltd. American Depositary Shares,
BLUE.csv + bluebird bio Inc. Common Stock,
BMRC.csv + Bank of Marin Bancorp Common Stock,
BMRN.csv + BioMarin Pharmaceutical Inc. Common Stock,
BNSO.csv + Bonso Electronics International Inc. Common Stock,
BOKF.csv + BOK Financial Corporation Common Stock,
BOSC.csv + B.O.S. Better Online Solutions Common Stock,
BOTJ.csv + Bank of the James Financial Group Inc. Common Stock,
BPOP.csv + Popular Inc. Common Stock,
BRFH.csv + Barfresh Food Group Inc. Common Stock,
BRID.csv + Bridgford Foods Corporation Common Stock,
BRKL.csv + Brookline Bancorp Inc. Common Stock,
BRKR.csv + Bruker Corporation Common Stock,
BSET.csv + Bassett Furniture Industries Incorporated Common Stock,
BSQR.csv + BSQUARE Corporation Common Stock,
BSRR.csv + Sierra Bancorp Common Stock,
BUR.csv + Burford Capital Limited Ordinary Shares,
BUSE.csv + First Busey Corporation Class A Common Stock,
BV.csv + BrightView Holdings Inc. Common Stock,
BWEN.csv + Broadwind Inc. Common Stock,
BWFG.csv + Bankwell Financial Group Inc. Common Stock,
BYFC.csv + Broadway Financial Corporation Common Stock,
CAAS.csv + China Automotive Systems Inc. Common Stock,
CAC.csv + Camden National Corporation Common Stock,
CACC.csv + Credit Acceptance Corporation Common Stock,
CAKE.csv + Cheesecake Factory Incorporated (The) Common Stock,
CAMP.csv + CalAmp Corp. Common Stock,
CAMT.csv + Camtek Ltd. Ordinary Shares,
CAR.csv + Avis Budget Group Inc. Common Stock,
CARA.csv + Cara Therapeutics Inc. Common Stock,
CARV.csv + Carver Bancorp Inc. Common Stock,
CASH.csv + Pathward Financial Inc. Common Stock,
CASI.csv + CASI Pharmaceuticals Inc. Ordinary Shares,
CASS.csv + Cass Information Systems Inc Common Stock,
CASY.csv + Casey's General Stores Inc. Common Stock,
CATY.csv + Cathay General Bancorp Common Stock,
CBAN.csv + Colony Bankcorp Inc. Common Stock,
CBAY.csv + CymaBay Therapeutics Inc. Common Stock,
CBFV.csv + CB Financial Services Inc. Common Stock,
CBNK.csv + Capital Bancorp Inc. Common Stock,
CBOE.csv + Cboe Global Markets Inc. Common Stock,
CBRL.csv + Cracker Barrel Old Country Store Inc Common Stock,
CBSH.csv + Commerce Bancshares Inc. Common Stock,
CCBG.csv + Capital City Bank Group Common Stock,
CCF.csv + Chase Corporation Common Stock,
CCLP.csv + CSI Compressco LP Common Units,
CCNE.csv + CNB Financial Corporation Common Stock,
CCOI.csv + Cogent Communications Holdings Inc.,
CCRN.csv + Cross Country Healthcare Inc. Common Stock $0.0001 Par Value,
CDNA.csv + CareDx Inc. Common Stock,
CDNS.csv + Cadence Design Systems Inc. Common Stock,
CDW.csv + CDW Corporation Common Stock,
CDXS.csv + Codexis Inc. Common Stock,
CDZI.csv + CADIZ Inc. Common Stock,
CECO.csv + CECO Environmental Corp. Common Stock,
CEMI.csv + Chembio Diagnostics Inc. Common Stock,
CENT.csv + Central Garden & Pet Company Common Stock,
CENX.csv + Century Aluminum Company Common Stock,
CERE.csv + Cerevel Therapeutics Holdings Inc. Common Stock,
CERS.csv + Cerus Corporation Common Stock,
CEVA.csv + CEVA Inc. Common Stock,
CFBK.csv + CF Bankshares Inc. Common Stock,
CFFI.csv + C&F Financial Corporation Common Stock,
CFFN.csv + Capitol Federal Financial Inc. Common Stock,
CFRX.csv + ContraFect Corporation Common Stock,
CG.csv + The Carlyle Group Inc. Common Stock,
CGEN.csv + Compugen Ltd. Ordinary Shares,
CGNX.csv + Cognex Corporation Common Stock,
CGO.csv + Calamos Global Total Return Fund Common Stock,
CHCI.csv + Comstock Holding Companies Inc. Class A Common Stock,
CHCO.csv + City Holding Company Common Stock,
CHDN.csv + Churchill Downs Incorporated Common Stock,
CHEF.csv + The Chefs' Warehouse Inc. Common Stock,
CHI.csv + Calamos Convertible Opportunities and Income Fund Common Stock,
CHKP.csv + Check Point Software Technologies Ltd. Ordinary Shares,
CHMG.csv + Chemung Financial Corp Common Stock,
CHNR.csv + China Natural Resources Inc. Common Stock,
CHRS.csv + Coherus BioSciences Inc. Common Stock,
CHRW.csv + C.H. Robinson Worldwide Inc. Common Stock,
CHSCP.csv + CHS Inc. 8%  Cumulative Redeemable Preferred Stock,
CHTR.csv + Charter Communications Inc. Class A Common Stock New,
CHUY.csv + Chuy's Holdings Inc. Common Stock,
CHW.csv + Calamos Global Dynamic Income Fund Common Stock,
CHY.csv + Calamos Convertible and High Income Fund Common Stock,
CIDM.csv + Cinedigm Corp. Class A Common Stock,
CINF.csv + Cincinnati Financial Corporation Common Stock,
CIZN.csv + Citizens Holding Company Common Stock,
CLDX.csv + Celldex Therapeutics Inc.,
CLFD.csv + Clearfield Inc. Common Stock,
CLIR.csv + ClearSign Technologies Corporation Common Stock,
CLMT.csv + Calumet Specialty Products Partners L.P. Common Units,
CLNE.csv + Clean Energy Fuels Corp. Common Stock,
CLRB.csv + Cellectar Biosciences Inc.  Common Stock,
CLRO.csv + ClearOne Inc. (DE) Common Stock,
CLWT.csv + Euro Tech Holdings Company Limited Common Stock,
CMCO.csv + Columbus McKinnon Corporation Common Stock,
CMCSA.csv + Comcast Corporation Class A Common Stock,
CMCT.csv + Creative Media & Community Trust Corporation Common stock,
CME.csv + CME Group Inc. Class A Common Stock,
CMLS.csv + Cumulus Media Inc. Class A Common Stock,
CMPR.csv + Cimpress plc Ordinary Shares (Ireland),
CMRX.csv + Chimerix Inc. Common Stock,
CMTL.csv + Comtech Telecommunications Corp. Common Stock,
CNET.csv + ZW Data Action Technologies Inc. Common Stock,
CNMD.csv + CONMED Corporation Common Stock,
CNOB.csv + ConnectOne Bancorp Inc. Common Stock,
CNSL.csv + Consolidated Communications Holdings Inc. Common Stock,
CNTY.csv + Century Casinos Inc. Common Stock,
COCO.csv + The Vita Coco Company Inc. Common Stock,
COHR.csv + Coherent Corp. Common Stock,
COHU.csv + Cohu Inc. Common Stock,
COLB.csv + Columbia Banking System Inc. Common Stock,
COLM.csv + Columbia Sportswear Company Common Stock,
COMM.csv + CommScope Holding Company Inc. Common Stock,
CONN.csv + Conn's Inc. Common Stock,
CORT.csv + Corcept Therapeutics Incorporated Common Stock,
COST.csv + Costco Wholesale Corporation Common Stock,
CPHC.csv + Canterbury Park Holding Corporation 'New' Common Stock,
CPIX.csv + Cumberland Pharmaceuticals Inc. Common Stock,
CPLP.csv + Capital Product Partners L.P. Common Units,
CPRT.csv + Copart Inc. (DE) Common Stock,
CPRX.csv + Catalyst Pharmaceuticals Inc. Common Stock,
CPSI.csv + Computer Programs and Systems Inc. Common Stock,
CPSS.csv + Consumer Portfolio Services Inc. Common Stock,
CRAI.csv + CRA International Inc. Common Stock,
CREG.csv + Smart Powerr Corp. Common Stock,
CRIS.csv + Curis Inc. Common Stock,
CRMT.csv + America's Car-Mart Inc Common Stock,
CRNT.csv + Ceragon Networks Ltd. Ordinary Shares,
CROX.csv + Crocs Inc. Common Stock,
CRTO.csv + Criteo S.A. American Depositary Shares,
CRUS.csv + Cirrus Logic Inc. Common Stock,
CRVS.csv + Corvus Pharmaceuticals Inc. Common Stock,
CRWS.csv + Crown Crafts Inc Common Stock,
CS.csv + Credit Suisse Group American Depositary Shares,
CSBR.csv + Champions Oncology Inc. Common Stock,
CSCO.csv + Cisco Systems Inc. Common Stock (DE),
CSGP.csv + CoStar Group Inc. Common Stock,
CSGS.csv + CSG Systems International Inc. Common Stock,
CSII.csv + Cardiovascular Systems Inc. Common Stock,
CSIQ.csv + Canadian Solar Inc. Common Shares (ON),
CSPI.csv + CSP Inc. Common Stock,
CSQ.csv + Calamos Strategic Total Return Common Stock,
CSTE.csv + Caesarstone Ltd. Ordinary Shares,
CSWC.csv + Capital Southwest Corporation Common Stock,
CTAS.csv + Cintas Corporation Common Stock,
CTBI.csv + Community Trust Bancorp Inc. Common Stock,
CTG.csv + Computer Task Group Inc. Common Stock,
CTHR.csv + Charles & Colvard Ltd Common Stock,
CTIB.csv + Yunhong CTI Ltd. Common Stock,
CTIC.csv + CTI BioPharma Corp. (DE) Common Stock,
CTRE.csv + CareTrust REIT Inc. Common Stock,
CTRN.csv + Citi Trends Inc. Common Stock,
CTSH.csv + Cognizant Technology Solutions Corporation Class A Common Stock,
CTSO.csv + Cytosorbents Corporation Common Stock,
CUBA.csv + Herzfeld Caribbean Basin Fund Inc. (The) Common Stock,
CUTR.csv + Cutera Inc. Common Stock,
CVCO.csv + Cavco Industries Inc. Common Stock When Issued,
CVCY.csv + Central Valley Community Bancorp Common Stock,
CVGI.csv + Commercial Vehicle Group Inc. Common Stock,
CVGW.csv + Calavo Growers Inc. Common Stock,
CVLT.csv + Commvault Systems Inc. Common Stock,
CVLY.csv + Codorus Valley Bancorp Inc Common Stock,
CVV.csv + CVD Equipment Corporation Common Stock,
CWBC.csv + Community West Bancshares Common Stock,
CWCO.csv + Consolidated Water Co. Ltd. Ordinary Shares,
CWST.csv + Casella Waste Systems Inc. Class A Common Stock,
CYAN.csv + Cyanotech Corporation Common Stock,
CYBR.csv + CyberArk Software Ltd. Ordinary Shares,
CYCC.csv + Cyclacel Pharmaceuticals Inc. Common Stock,
CYH.csv + Community Health Systems Inc. Common Stock,
CYTK.csv + Cytokinetics Incorporated Common Stock,
CZNC.csv + Citizens & Northern Corp Common Stock,
CZR.csv + Caesars Entertainment Inc. Common Stock,
CZWI.csv + Citizens Community Bancorp Inc. Common Stock,
DAIO.csv + Data I/O Corporation Common Stock,
DAKT.csv + Daktronics Inc. Common Stock,
DAVE.csv + Dave Inc. Class A Common Stock,
DBVT.csv + DBV Technologies S.A. American Depositary Shares,
DCOM.csv + Dime Community Bancshares Inc. Common Stock,
DCTH.csv + Delcath Systems Inc. Common Stock,
DENN.csv + Denny's Corporation Common Stock,
DERM.csv + Journey Medical Corporation Common Stock,
DGICA.csv + Donegal Group Inc. Class A Common Stock,
DGII.csv + Digi International Inc. Common Stock,
DGLY.csv + Digital Ally Inc. Common Stock,
DHIL.csv + Diamond Hill Investment Group Inc. Class A Common Stock,
DIOD.csv + Diodes Incorporated Common Stock,
DISH.csv + DISH Network Corporation Class A Common Stock,
DJCO.csv + Daily Journal Corp. (S.C.) Common Stock,
DLHC.csv + DLH Holdings Corp.,
DLTR.csv + Dollar Tree Inc. Common Stock,
DMLP.csv + Dorchester Minerals L.P. Common Units Representing Limited Partnership Interests,
DMRC.csv + Digimarc Corporation Common Stock,
DORM.csv + Dorman Products Inc. Common Stock,
DOX.csv + Amdocs Limited Ordinary Shares,
DRRX.csv + DURECT Corporation Common Stock,
DSGX.csv + Descartes Systems Group Inc. (The) Common Stock,
DSWL.csv + Deswell Industries Inc. Common Shares,
DVAX.csv + Dynavax Technologies Corporation Common Stock,
DWSN.csv + Dawson Geophysical Company Common Stock,
DXCM.csv + DexCom Inc. Common Stock,
DXLG.csv + Destination XL Group Inc. Common Stock,
DXPE.csv + DXP Enterprises Inc. Common Stock,
DXYN.csv + Dixie Group Inc. (The) Common Stock,
DYNT.csv + Dynatronics Corporation Common Stock,
EA.csv + Electronic Arts Inc. Common Stock,
EAC.csv + Edify Acquisition Corp. Class A Common Stock,
EBAY.csv + eBay Inc. Common Stock,
EBIX.csv + Ebix Inc. Common Stock,
EBMT.csv + Eagle Bancorp Montana Inc. Common Stock,
EBTC.csv + Enterprise Bancorp Inc Common Stock,
ECPG.csv + Encore Capital Group Inc Common Stock,
EDAP.csv + EDAP TMS S.A. American Depositary Shares,
EDF.csv + Virtus Stone Harbor Emerging Markets Income Fund Common Shares of Beneficial Interest,
EDI.csv + Virtus Stone Harbor Emerging Markets Total Income Fund Common Shares of Beneficial Interest,
EDUC.csv + Educational Development Corporation Common Stock,
EEFT.csv + Euronet Worldwide Inc. Common Stock,
EFOI.csv + Energy Focus Inc. Common Stock,
EFSC.csv + Enterprise Financial Services Corporation Common Stock,
EGAN.csv + eGain Corporation Common Stock,
EGBN.csv + Eagle Bancorp Inc. Common Stock,
EGHT.csv + 8x8 Inc Common Stock,
EGLE.csv + Eagle Bulk Shipping Inc. Common Stock,
EGRX.csv + Eagle Pharmaceuticals Inc. Common Stock,
EHTH.csv + eHealth Inc. Common Stock,
ELTK.csv + Eltek Ltd. Ordinary Shares,
EMF.csv + Templeton Emerging Markets Fund Common Stock,
EMKR.csv + EMCORE Corporation Common Stock,
EML.csv + Eastern Company (The) Common Stock,
ENPH.csv + Enphase Energy Inc. Common Stock,
ENSG.csv + The Ensign Group Inc. Common Stock,
ENTA.csv + Enanta Pharmaceuticals Inc. Common Stock,
ENTG.csv + Entegris Inc. Common Stock,
EPAM.csv + EPAM Systems Inc. Common Stock,
EQIX.csv + Equinix Inc. Common Stock REIT,
ERIE.csv + Erie Indemnity Company Class A Common Stock,
ERII.csv + Energy Recovery Inc. Common Stock,
ESCA.csv + Escalade Incorporated Common Stock,
ESEA.csv + Euroseas Ltd. Common Stock (Marshall Islands),
ESGR.csv + Enstar Group Limited Ordinary Shares,
ESLT.csv + Elbit Systems Ltd. Ordinary Shares,
ESPR.csv + Esperion Therapeutics Inc. Common Stock,
ESSA.csv + ESSA Bancorp Inc. Common Stock,
EVLV.csv + Evolv Technologies Holdings Inc. Class A Common Stock,
EVOK.csv + Evoke Pharma Inc. Common Stock,
EWBC.csv + East West Bancorp Inc. Common Stock,
EXAS.csv + Exact Sciences Corporation Common Stock,
EXEL.csv + Exelixis Inc. Common Stock,
EXLS.csv + ExlService Holdings Inc. Common Stock,
EXPD.csv + Expeditors International of Washington Inc. Common Stock,
EXPE.csv + Expedia Group Inc. Common Stock,
EXPO.csv + Exponent Inc. Common Stock,
EXTR.csv + Extreme Networks Inc. Common Stock,
EZPW.csv + EZCORP Inc. Class A Non Voting Common Stock,
FAM.csv + First Trust/abrdn Global Opportunity Income Fund Common Shares of Beneficial Interest,
FANG.csv + Diamondback Energy Inc. Common Stock,
FARM.csv + Farmer Brothers Company Common Stock,
FARO.csv + FARO Technologies Inc. Common Stock,
FAST.csv + Fastenal Company Common Stock,
FATE.csv + Fate Therapeutics Inc. Common Stock,
FBIZ.csv + First Business Financial Services Inc. Common Stock,
FBMS.csv + First Bancshares Inc.,
FBP.csv + First BanCorp. New Common Stock,
FCAP.csv + First Capital Inc. Common Stock,
FCBC.csv + First Community Bankshares Inc. (VA) Common Stock,
FCCO.csv + First Community Corporation Common Stock,
FCEL.csv + FuelCell Energy Inc. Common Stock,
FCNCA.csv + First Citizens BancShares Inc. Class A Common Stock,
FCT.csv + First Trust Senior Floating Rate Income Fund II Common Shares of Beneficial Interest,
FDUS.csv + Fidus Investment Corporation Common Stock,
FEIM.csv + Frequency Electronics Inc. Common Stock,
FELE.csv + Franklin Electric Co. Inc. Common Stock,
FFA.csv + First Trust Enhanced Equity Income Fund,
FFBC.csv + First Financial Bancorp. Common Stock,
FFIC.csv + Flushing Financial Corporation Common Stock,
FFIN.csv + First Financial Bankshares Inc. Common Stock,
FFIV.csv + F5 Inc. Common Stock,
FFNW.csv + First Financial Northwest Inc. Common Stock,
FFWM.csv + First Foundation Inc. Common Stock,
FGEN.csv + FibroGen Inc Common Stock,
FIBK.csv + First Interstate BancSystem Inc. Class A Common Stock,
FIF.csv + First Trust Energy Infrastructure Fund Common Shares of Beneficial Interest,
FISI.csv + Financial Institutions Inc. Common Stock,
FISV.csv + Fiserv Inc. Common Stock,
FITB.csv + Fifth Third Bancorp Common Stock,
FIVE.csv + Five Below Inc. Common Stock,
FIVN.csv + Five9 Inc. Common Stock,
FIZZ.csv + National Beverage Corp. Common Stock,
FLIC.csv + First of Long Island Corporation (The) Common Stock,
FLL.csv + Full House Resorts Inc. Common Stock,
FLXS.csv + Flexsteel Industries Inc. Common Stock,
FMNB.csv + Farmers National Banc Corp. Common Stock,
FMY.csv + First Trust Motgage Income Fund Common Shares of Beneficial Interest,
FNLC.csv + First Bancorp Inc  (ME) Common Stock,
FOLD.csv + Amicus Therapeutics Inc. Common Stock,
FONR.csv + Fonar Corporation Common Stock,
FORD.csv + Forward Industries Inc. Common Stock,
FORM.csv + FormFactor Inc. FormFactor Inc. Common Stock,
FORR.csv + Forrester Research Inc. Common Stock,
FORTY.csv + Formula Systems (1985) Ltd. American Depositary Shares,
FOSL.csv + Fossil Group Inc. Common Stock,
FOXF.csv + Fox Factory Holding Corp. Common Stock,
FRBA.csv + First Bank Common Stock,
FRBK.csv + Republic First Bancorp Inc. Common Stock,
FREE.csv + Whole Earth Brands Inc. Class A Common Stock,
FRGI.csv + Fiesta Restaurant Group Inc. Common Stock,
FRME.csv + First Merchants Corporation Common Stock,
FRPH.csv + FRP Holdings Inc. Common Stock,
FRPT.csv + Freshpet Inc. Common Stock,
FRSH.csv + Freshworks Inc. Class A Common Stock,
FSBW.csv + FS Bancorp Inc. Common Stock,
FSD.csv + First Trust High Income Long Short Fund Common Shares of Beneficial Interest,
FSFG.csv + First Savings Financial Group Inc. Common Stock,
FSLR.csv + First Solar Inc. Common Stock,
FSTR.csv + L.B. Foster Company Common Stock,
FTEK.csv + Fuel Tech Inc. Common Stock,
FTNT.csv + Fortinet Inc. Common Stock,
FULT.csv + Fulton Financial Corporation Common Stock,
FUNC.csv + First United Corporation Common Stock,
FUND.csv + Sprott Focus Trust Inc. Common Stock,
FWRD.csv + Forward Air Corporation Common Stock,
GABC.csv + German American Bancorp Inc. Common Stock,
GAIA.csv + Gaia Inc. Class A Common Stock,
GAIN.csv + Gladstone Investment Corporation Business Development Company,
GALT.csv + Galectin Therapeutics Inc. Common Stock,
GAME.csv + Engine Gaming and Media Inc. Common Stock,
GASS.csv + StealthGas Inc. Common Stock,
GBCI.csv + Glacier Bancorp Inc. Common Stock,
GBDC.csv + Golub Capital BDC Inc. Common Stock,
GBLI.csv + Global Indemnity Group LLC Class A Common Stock (DE),
GCBC.csv + Greene County Bancorp Inc. Common Stock,
GENC.csv + Gencor Industries Inc. Common Stock,
GENE.csv + Genetic Technologies Ltd ADS,
GEOS.csv + Geospace Technologies Corporation Common Stock (Texas),
GERN.csv + Geron Corporation Common Stock,
GEVO.csv + Gevo Inc. Common Stock,
GGAL.csv + Grupo Financiero Galicia S.A. American Depositary Shares,
GIFI.csv + Gulf Island Fabrication Inc. Common Stock,
GIGM.csv + GigaMedia Limited Ordinary Shares,
GILD.csv + Gilead Sciences Inc. Common Stock,
GILT.csv + Gilat Satellite Networks Ltd. Ordinary Shares,
GLAD.csv + Gladstone Capital Corporation Common Stock,
GLBS.csv + Globus Maritime Limited Common Stock,
GLBZ.csv + Glen Burnie Bancorp Common Stock,
GLDD.csv + Great Lakes Dredge & Dock Corporation Common Stock,
GLMD.csv + Galmed Pharmaceuticals Ltd. Ordinary Shares,
GLNG.csv + Golar Lng Ltd,
GLPI.csv + Gaming and Leisure Properties Inc. Common Stock,
GLYC.csv + GlycoMimetics Inc. Common Stock,
GNTX.csv + Gentex Corporation Common Stock,
GOGO.csv + Gogo Inc. Common Stock,
GOLD.csv + Barrick Gold Corporation Common Stock (BC),
GOOD.csv + Gladstone Commercial Corporation Real Estate Investment Trust,
GPOR.csv + Gulfport Energy Corporation Common Shares,
GPRE.csv + Green Plains Inc. Common Stock,
GPRO.csv + GoPro Inc. Class A Common Stock,
GPS.csv + Gap Inc. (The) Common Stock,
GRBK.csv + Green Brick Partners Inc. Common Stock,
GRFS.csv + Grifols S.A. American Depositary Shares,
GRMN.csv + Garmin Ltd. Common Stock (Switzerland),
GROW.csv + U.S. Global Investors Inc. Class A Common Stock,
GRPN.csv + Groupon Inc. Common Stock,
GSBC.csv + Great Southern Bancorp Inc. Common Stock,
GSIT.csv + GSI Technology Common Stock,
GT.csv + The Goodyear Tire & Rubber Company Common Stock,
GTIM.csv + Good Times Restaurants Inc. Common Stock,
GTLS.csv + Chart Industries Inc. Common Stock,
GURE.csv + Gulf Resources Inc. (NV) Common Stock,
HA.csv + Hawaiian Holdings Inc. Common Stock,
HAFC.csv + Hanmi Financial Corporation Common Stock,
HAIN.csv + Hain Celestial Group Inc. (The) Common Stock,
HALL.csv + Hallmark Financial Services Inc. Common Stock,
HALO.csv + Halozyme Therapeutics Inc. Common Stock,
HAS.csv + Hasbro Inc. Common Stock,
HAYN.csv + Haynes International Inc. Common Stock,
HBAN.csv + Huntington Bancshares Incorporated Common Stock,
HBCP.csv + Home Bancorp Inc. Common Stock,
HBIO.csv + Harvard Bioscience Inc. Common Stock,
HBNC.csv + Horizon Bancorp Inc. Common Stock,
HCKT.csv + Hackett Group Inc (The). Common Stock,
HCSG.csv + Healthcare Services Group Inc. Common Stock,
HDSN.csv + Hudson Technologies Inc. Common Stock,
HEAR.csv + Turtle Beach Corporation Common Stock,
HEES.csv + H&E Equipment Services Inc. Common Stock,
HELE.csv + Helen of Troy Limited Common Stock,
HES.csv + Hess Corporation Common Stock,
HFBL.csv + Home Federal Bancorp Inc. of Louisiana Common Stock,
HFWA.csv + Heritage Financial Corporation Common Stock,
HIBB.csv + Hibbett Inc. Common Stock,
HIFS.csv + Hingham Institution for Savings Common Stock,
HIHO.csv + Highway Holdings Limited Common Stock,
HIMX.csv + Himax Technologies Inc. American Depositary Shares,
HLIT.csv + Harmonic Inc. Common Stock,
HMNF.csv + HMN Financial Inc. Common Stock,
HMST.csv + HomeStreet Inc. Common Stock,
HNNA.csv + Hennessy Advisors Inc. Common Stock,
HNRG.csv + Hallador Energy Company Common Stock,
HOFT.csv + Hooker Furnishings Corporation Common Stock,
HOLI.csv + Hollysys Automation Technologies Ltd. Common Shares (British Virgin Islands),
HOLX.csv + Hologic Inc. Common Stock,
HOV.csv + Hovnanian Enterprises Inc. Class A Common Stock,
HQY.csv + HealthEquity Inc. Common Stock,
HRTX.csv + Heron Therapeutics Inc. Common Stock,
HRZN.csv + Horizon Technology Finance Corporation Common Stock,
HSIC.csv + Henry Schein Inc. Common Stock,
HSII.csv + Heidrick & Struggles International Inc. Common Stock,
HSKA.csv + Heska Corporation Common Stock,
HSON.csv + Hudson Global Inc. Common Stock,
HSTM.csv + HealthStream Inc. Common Stock,
HTBI.csv + HomeTrust Bancshares Inc. Common Stock,
HTBK.csv + Heritage Commerce Corp Common Stock,
HTHT.csv + H World Group Limited American Depositary Shares,
HTLD.csv + Heartland Express Inc. Common Stock,
HTLF.csv + Heartland Financial USA Inc. Common Stock,
HUBG.csv + Hub Group Inc. Class A Common Stock,
HURC.csv + Hurco Companies Inc. Common Stock,
HURN.csv + Huron Consulting Group Inc. Common Stock,
HWBK.csv + Hawthorn Bancshares Inc. Common Stock,
HWKN.csv + Hawkins Inc. Common Stock,
IAC.csv + IAC Inc. Common Stock,
IART.csv + Integra LifeSciences Holdings Corporation Common Stock,
IBCP.csv + Independent Bank Corporation Common Stock,
IBKR.csv + Interactive Brokers Group Inc. Class A Common Stock,
IBOC.csv + International Bancshares Corporation Common Stock,
IBTX.csv + Independent Bank Group Inc Common Stock,
ICCC.csv + ImmuCell Corporation Common Stock,
ICFI.csv + ICF International Inc. Common Stock,
ICPT.csv + Intercept Pharmaceuticals Inc. Common Stock,
ICUI.csv + ICU Medical Inc. Common Stock,
IDCC.csv + InterDigital Inc. Common Stock,
IDXX.csv + IDEXX Laboratories Inc. Common Stock,
IEP.csv + Icahn Enterprises L.P. Common Stock,
IHD.csv + Voya Emerging Markets High Income Dividend Equity Fund Common Shares,
III.csv + Information Services Group Inc. Common Stock,
IIIN.csv + Insteel Industries Inc. Common Stock,
ILMN.csv + Illumina Inc. Common Stock,
IMGN.csv + ImmunoGen Inc. Common Stock,
IMKTA.csv + Ingles Markets Incorporated Class A Common Stock,
IMMR.csv + Immersion Corporation Common Stock,
IMOS.csv + ChipMOS TECHNOLOGIES INC. American Depositary Shares,
INBK.csv + First Internet Bancorp Common Stock,
INCR.csv + Intercure Ltd. Ordinary Shares,
INCY.csv + Incyte Corp. Common Stock,
INDB.csv + Independent Bank Corp. Common Stock,
INFA.csv + Informatica Inc. Class A Common Stock,
INFI.csv + Infinity Pharmaceuticals Inc. Common Stock,
INFN.csv + Infinera Corporation Common Stock,
INGN.csv + Inogen Inc Common Stock,
INO.csv + Inovio Pharmaceuticals Inc. Common Stock,
INOD.csv + Innodata Inc. Common Stock,
INTC.csv + Intel Corporation Common Stock,
INTG.csv + Intergroup Corporation (The) Common Stock,
INTU.csv + Intuit Inc. Common Stock,
INVE.csv + Identiv Inc. Common Stock,
IOSP.csv + Innospec Inc. Common Stock,
IPAR.csv + Inter Parfums Inc. Common Stock,
IPDN.csv + Professional Diversity Network Inc. Common Stock,
IPGP.csv + IPG Photonics Corporation Common Stock,
IPWR.csv + Ideal Power Inc. Common Stock,
IRBT.csv + iRobot Corporation Common Stock,
IRDM.csv + Iridium Communications Inc Common Stock,
IRIX.csv + IRIDEX Corporation Common Stock,
IRMD.csv + iRadimed Corporation Common Stock,
IROQ.csv + IF Bancorp Inc. Common Stock,
IRWD.csv + Ironwood Pharmaceuticals Inc. Class A Common Stock,
ISIG.csv + Insignia Systems Inc. Common Stock,
ISRG.csv + Intuitive Surgical Inc. Common Stock,
ISSC.csv + Innovative Solutions and Support Inc. Common Stock,
ISTR.csv + Investar Holding Corporation Common Stock,
ITI.csv + Iteris Inc. Common Stock,
ITIC.csv + Investors Title Company Common Stock,
ITRI.csv + Itron Inc. Common Stock,
ITRN.csv + Ituran Location and Control Ltd. Ordinary Shares,
IVAC.csv + Intevac Inc. Common Stock,
JACK.csv + Jack In The Box Inc. Common Stock,
JAKK.csv + JAKKS Pacific Inc. Common Stock,
JBHT.csv + J.B. Hunt Transport Services Inc. Common Stock,
JBLU.csv + JetBlue Airways Corporation Common Stock,
JBSS.csv + John B. Sanfilippo & Son Inc. Common Stock,
JD.csv + JD.com Inc. American Depositary Shares,
JJSF.csv + J & J Snack Foods Corp. Common Stock,
JKHY.csv + Jack Henry & Associates Inc. Common Stock,
JOUT.csv + Johnson Outdoors Inc. Class A Common Stock,
JRVR.csv + James River Group Holdings Ltd. Common Shares,
JSD.csv + Nuveen Short Duration Credit Opportunities Fund Common Shares of Beneficial Interest,
JVA.csv + Coffee Holding Co. Inc. Common Stock,
JYNT.csv + The Joint Corp. Common Stock,
KALU.csv + Kaiser Aluminum Corporation Common Stock,
KBAL.csv + Kimball International Inc. Class B Common Stock,
KE.csv + Kimball Electronics Inc. Common Stock,
KELYA.csv + Kelly Services Inc. Class A Common Stock,
KEQU.csv + Kewaunee Scientific Corporation Common Stock,
KFFB.csv + Kentucky First Federal Bancorp Common Stock,
KFRC.csv + Kforce Inc. Common Stock,
KINS.csv + Kingstone Companies Inc. Common Stock,
KIRK.csv + Kirkland's Inc. COMMONSTOCK,
KLIC.csv + Kulicke and Soffa Industries Inc. Common Stock,
KMDA.csv + Kamada Ltd. Ordinary Shares,
KNDI.csv + Kandi Technologies Group Inc Common Stock,
KOPN.csv + Kopin Corporation Common Stock,
KOSS.csv + Koss Corporation Common Stock,
KPTI.csv + Karyopharm Therapeutics Inc. Common Stock,
KRNY.csv + Kearny Financial Corp Common Stock,
KTCC.csv + Key Tronic Corporation Common Stock,
KTOS.csv + Kratos Defense & Security Solutions Inc. Common Stock,
KVHI.csv + KVH Industries Inc. Common Stock,
LAKE.csv + Lakeland Industries Inc. Common Stock,
LAMR.csv + Lamar Advertising Company Class A Common Stock,
LANC.csv + Lancaster Colony Corporation Common Stock,
LAND.csv + Gladstone Land Corporation Common Stock,
LARK.csv + Landmark Bancorp Inc. Common Stock,
LBAI.csv + Lakeland Bancorp Inc. Common Stock,
LBRDA.csv + Liberty Broadband Corporation Class A Common Stock,
LBTYA.csv + Liberty Global plc Class A Ordinary Shares,
LCUT.csv + Lifetime Brands Inc. Common Stock,
LE.csv + Lands' End Inc. Common Stock,
LECO.csv + Lincoln Electric Holdings Inc. Common Shares,
LEDS.csv + SemiLEDS Corporation Common Stock,
LFUS.csv + Littelfuse Inc. Common Stock,
LFVN.csv + Lifevantage Corporation Common Stock (Delaware),
LGIH.csv + LGI Homes Inc. Common Stock,
LGND.csv + Ligand Pharmaceuticals Incorporated Common Stock,
LILA.csv + Liberty Latin America Ltd. Class A Common Stock,
LINC.csv + Lincoln Educational Services Corporation Common Stock,
LKFN.csv + Lakeland Financial Corporation Common Stock,
LKQ.csv + LKQ Corporation Common Stock,
LMAT.csv + LeMaitre Vascular Inc. Common Stock,
LMNR.csv + Limoneira Co Common Stock,
LOAN.csv + Manhattan Bridge Capital Inc,
LOCO.csv + El Pollo Loco Holdings Inc. Common Stock,
LOGI.csv + Logitech International S.A. Ordinary Shares,
LOPE.csv + Grand Canyon Education Inc. Common Stock,
LPCN.csv + Lipocine Inc. Common Stock,
LPLA.csv + LPL Financial Holdings Inc. Common Stock,
LPSN.csv + LivePerson Inc. Common Stock,
LPTH.csv + LightPath Technologies Inc. Class A Common Stock,
LQDT.csv + Liquidity Services Inc. Common Stock,
LRCX.csv + Lam Research Corporation Common Stock,
LSBK.csv + Lake Shore Bancorp Inc. Common Stock,
LSCC.csv + Lattice Semiconductor Corporation Common Stock,
LSTR.csv + Landstar System Inc. Common Stock,
LTBR.csv + Lightbridge Corporation Common Stock,
LTRPA.csv + Liberty TripAdvisor Holdings Inc. Series A Common Stock,
LTRX.csv + Lantronix Inc. Common Stock,
LULU.csv + lululemon athletica inc. Common Stock,
LUNA.csv + Luna Innovations Incorporated Common Stock,
LWAY.csv + Lifeway Foods Inc. Common Stock,
LXRX.csv + Lexicon Pharmaceuticals Inc. Common Stock,
LYTS.csv + LSI Industries Inc. Common Stock,
MA.csv + Mastercard Incorporated Common Stock,
MACK.csv + Merrimack Pharmaceuticals Inc. Common Stock,
MANH.csv + Manhattan Associates Inc. Common Stock,
MAR.csv + Marriott International Class A Common Stock,
MARA.csv + Marathon Digital Holdings Inc. Common Stock,
MARPS.csv + Marine Petroleum Trust Units of Beneficial Interest,
MASI.csv + Masimo Corporation Common Stock,
MAT.csv + Mattel Inc. Common Stock,
MATW.csv + Matthews International Corporation Class A Common Stock,
MAYS.csv + J. W. Mays Inc. Common Stock,
MBCN.csv + Middlefield Banc Corp. Common Stock,
MBUU.csv + Malibu Boats Inc. Class A Common Stock,
MBWM.csv + Mercantile Bank Corporation Common Stock,
MCBC.csv + Macatawa Bank Corporation Common Stock,
MCHP.csv + Microchip Technology Incorporated Common Stock,
MCHX.csv + Marchex Inc. Class B Common Stock,
MCRI.csv + Monarch Casino & Resort Inc. Common Stock,
MDLZ.csv + Mondelez International Inc. Class A Common Stock,
MDRX.csv + Veradigm Inc. Common Stock,
MDWD.csv + MediWound Ltd. Ordinary Shares,
MDXG.csv + MiMedx Group Inc Common Stock,
MEIP.csv + MEI Pharma Inc. Common Stock,
MELI.csv + MercadoLibre Inc. Common Stock,
MEOH.csv + Methanex Corporation Common Stock,
MERC.csv + Mercer International Inc. Common Stock,
MET.csv + MetLife Inc. Common Stock,
MGEE.csv + MGE Energy Inc,
MGI.csv + Moneygram International Inc. Common Stock,
MGIC.csv + Magic Software Enterprises Ltd. Ordinary Shares,
MGNX.csv + MacroGenics Inc. Common Stock,
MGPI.csv + MGP Ingredients Inc.,
MGRC.csv + McGrath RentCorp Common Stock,
MGYR.csv + Magyar Bancorp Inc. Common Stock,
MHLD.csv + Maiden Holdings Ltd.,
MIDD.csv + Middleby Corporation (The) Common Stock,
MIND.csv + MIND Technology Inc. Common Stock (DE),
MITK.csv + Mitek Systems Inc. Common Stock,
MKSI.csv + MKS Instruments Inc. Common Stock,
MKTX.csv + MarketAxess Holdings Inc. Common Stock,
MLAB.csv + Mesa Laboratories Inc. Common Stock,
MLNK.csv + MeridianLink Inc. Common Stock,
MLVF.csv + Malvern Bancorp Inc. Common Stock,
MMLP.csv + Martin Midstream Partners L.P. Limited Partnership,
MMS.csv + Maximus Inc. Common Stock,
MMSI.csv + Merit Medical Systems Inc. Common Stock,
MMU.csv + Western Asset Managed Municipals Fund Inc. Common Stock,
MMYT.csv + MakeMyTrip Limited Ordinary Shares,
MNDO.csv + MIND C.T.I. Ltd. Ordinary Shares,
MNKD.csv + MannKind Corporation Common Stock,
MNOV.csv + Medicinova Inc Common Stock,
MNRO.csv + Monro Inc. Common Stock,
MNST.csv + Monster Beverage Corporation,
MNTX.csv + Manitex International Inc. Common Stock,
MOFG.csv + MidWestOne Financial Gp Common Stock,
MOMO.csv + Hello Group Inc. American Depositary Shares,
MORN.csv + Morningstar Inc. Common Stock,
MPAA.csv + Motorcar Parts  of America Inc. Common Stock,
MPB.csv + Mid Penn Bancorp Common Stock,
MPWR.csv + Monolithic Power Systems Inc. Common Stock,
MRCC.csv + Monroe Capital Corporation Common Stock,
MRCY.csv + Mercury Systems Inc Common Stock,
MRNS.csv + Marinus Pharmaceuticals Inc. Common Stock,
MRTN.csv + Marten Transport Ltd. Common Stock,
MRTX.csv + Mirati Therapeutics Inc. Common Stock,
MRVL.csv + Marvell Technology Inc. Common Stock,
MSEX.csv + Middlesex Water Company Common Stock,
MSFT.csv + Microsoft Corporation Common Stock,
MSTR.csv + MicroStrategy Incorporated Common Stock Class A,
MTEX.csv + Mannatech Incorporated Common Stock,
MTLS.csv + Materialise NV American Depositary Shares,
MTRX.csv + Matrix Service Company Common Stock,
MU.csv + Micron Technology Inc. Common Stock,
MVIS.csv + MicroVision Inc. Common Stock,
MYGN.csv + Myriad Genetics Inc. Common Stock,
MYRG.csv + MYR Group Inc. Common Stock,
NAII.csv + Natural Alternatives International Inc. Common Stock,
NATH.csv + Nathan's Famous Inc. Common Stock,
NATI.csv + National Instruments Corporation Common Stock,
NATR.csv + Nature's Sunshine Products Inc. Common Stock,
NBIX.csv + Neurocrine Biosciences Inc. Common Stock,
NBN.csv + Northeast Bank Common Stock,
NBTB.csv + NBT Bancorp Inc. Common Stock,
NCLH.csv + Norwegian Cruise Line Holdings Ltd. Ordinary Shares,
NCMI.csv + National CineMedia Inc. Common Stock,
NCTY.csv + The9 Limited American Depository Shares,
NDLS.csv + Noodles & Company Class A Common Stock,
NDSN.csv + Nordson Corporation Common Stock,
NECB.csv + NorthEast Community Bancorp Inc. Common Stock,
NEO.csv + NeoGenomics Inc. Common Stock,
NEOG.csv + Neogen Corporation Common Stock,
NEON.csv + Neonode Inc. Common Stock,
NEPT.csv + Neptune Wellness Solutions Inc. Ordinary Shares,
NERV.csv + Minerva Neurosciences Inc Common Stock,
NEWT.csv + NewtekOne Inc. Common Stock,
NFLX.csv + Netflix Inc. Common Stock,
NICE.csv + NICE Ltd American Depositary Shares,
NICK.csv + Nicholas Financial Inc. Common Stock,
NKSH.csv + National Bankshares Inc. Common Stock,
NKTR.csv + Nektar Therapeutics  Common Stock,
NMIH.csv + NMI Holdings Inc. Class A Common Stock,
NNBR.csv + NN Inc. Common Stock,
NRIM.csv + Northrim BanCorp Inc Common Stock,
NSIT.csv + Insight Enterprises Inc. Common Stock,
NSSC.csv + NAPCO Security Technologies Inc. Common Stock,
NSTG.csv + NanoString Technologies Inc. Common Stock,
NSYS.csv + Nortech Systems Incorporated Common Stock,
NTAP.csv + NetApp Inc. Common Stock,
NTCT.csv + NetScout Systems Inc. Common Stock,
NTES.csv + NetEase Inc. American Depositary Shares,
NTGR.csv + NETGEAR Inc. Common Stock,
NTIC.csv + Northern Technologies International Corporation Common Stock,
NTRS.csv + Northern Trust Corporation Common Stock,
NTWK.csv + NetSol Technologies Inc. Common  Stock,
NURO.csv + NeuroMetrix Inc. Common Stock,
NUVA.csv + NuVasive Inc. Common Stock,
NVAX.csv + Novavax Inc. Common Stock,
NVCN.csv + Neovasc Inc. Common Shares,
NVDA.csv + NVIDIA Corporation Common Stock,
NVEC.csv + NVE Corporation Common Stock,
NVFY.csv + Nova Lifestyle Inc. Common Stock,
NVMI.csv + Nova Ltd. Ordinary Shares,
NWBI.csv + Northwest Bancshares Inc. Common Stock,
NWFL.csv + Norwood Financial Corp. Common Stock,
NWPX.csv + Northwest Pipe Company Common Stock,
NWSA.csv + News Corporation Class A Common Stock,
NXPI.csv + NXP Semiconductors N.V. Common Stock,
NYMT.csv + New York Mortgage Trust Inc. Common Stock,
NYMX.csv + Nymox Pharmaceutical Corporation Common Stock (Bahamas),
OCC.csv + Optical Cable Corporation Common Stock,
OCFC.csv + OceanFirst Financial Corp. Common Stock,
OCUL.csv + Ocular Therapeutix Inc. Common Stock,
ODFL.csv + Old Dominion Freight Line Inc. Common Stock,
ODP.csv + The ODP Corporation Common Stock,
OFED.csv + Oconee Federal Financial Corp. Common Stock,
OFIX.csv + Orthofix Medical Inc. Common Stock (DE),
OFLX.csv + Omega Flex Inc. Common Stock,
OFS.csv + OFS Capital Corporation Common Stock,
OIS.csv + Oil States International Inc. Common Stock,
OKE.csv + ONEOK Inc. Common Stock,
OLED.csv + Universal Display Corporation Common Stock,
OMAB.csv + Grupo Aeroportuario del Centro Norte S.A.B. de C.V. ADS,
OMCL.csv + Omnicell Inc. Common Stock ($0.001 par value),
OMER.csv + Omeros Corporation Common Stock,
OMEX.csv + Odyssey Marine Exploration Inc. Common Stock,
OMF.csv + OneMain Holdings Inc. Common Stock,
ON.csv + ON Semiconductor Corporation Common Stock,
ONB.csv + Old National Bancorp Common Stock,
ONCY.csv + Oncolytics Biotech Inc. Common Shares,
ONTX.csv + Onconova Therapeutics Inc. Common Stock,
OPHC.csv + OptimumBank Holdings Inc. Common Stock,
OPOF.csv + Old Point Financial Corporation Common Stock,
OPTT.csv + Ocean Power Technologies Inc. Common Stock,
ORLY.csv + O'Reilly Automotive Inc. Common Stock,
ORMP.csv + Oramed Pharmaceuticals Inc. Common Stock,
ORRF.csv + Orrstown Financial Services Inc Common Stock,
OSBC.csv + Old Second Bancorp Inc. Common Stock,
OSIS.csv + OSI Systems Inc. Common Stock (DE),
OSTK.csv + Overstock.com Inc. Common Stock,
OSUR.csv + OraSure Technologies Inc. Common Stock,
OTEX.csv + Open Text Corporation Common Shares,
OTTR.csv + Otter Tail Corporation Common Stock,
OVBC.csv + Ohio Valley Banc Corp. Common Stock,
OVLY.csv + Oak Valley Bancorp (CA) Common Stock,
OXBR.csv + Oxbridge Re Holdings Limited Ordinary Shares,
OXLC.csv + Oxford Lane Capital Corp. Common Stock,
PAAS.csv + Pan American Silver Corp. Common Stock,
PACB.csv + Pacific Biosciences of California Inc. Common Stock,
PACW.csv + PacWest Bancorp Common Stock,
PAHC.csv + Phibro Animal Health Corporation Class A Common Stock,
PANL.csv + Pangaea Logistics Solutions Ltd. Common Shares,
PATI.csv + Patriot Transportation Holding Inc. Common Stock,
PATK.csv + Patrick Industries Inc. Common Stock,
PAYX.csv + Paychex Inc. Common Stock,
PBHC.csv + Pathfinder Bancorp Inc. Common Stock (MD),
PBPB.csv + Potbelly Corporation Common Stock,
PCAR.csv + PACCAR Inc. Common Stock,
PCH.csv + PotlatchDeltic Corporation Common Stock,
PCRX.csv + Pacira BioSciences Inc. Common Stock,
PCTY.csv + Paylocity Holding Corporation Common Stock,
PCYG.csv + Park City Group Inc. Common Stock,
PCYO.csv + Pure Cycle Corporation Common Stock,
PDCE.csv + PDC Energy Inc. Common Stock (Delaware),
PDCO.csv + Patterson Companies Inc. Common Stock,
PDFS.csv + PDF Solutions Inc. Common Stock,
PEBK.csv + Peoples Bancorp of North Carolina Inc. Common Stock,
PEBO.csv + Peoples Bancorp Inc. Common Stock,
PEGA.csv + Pegasystems Inc. Common Stock,
PENN.csv + PENN Entertainment Inc. Common Stock,
PERF.csv + Perfect Corp. Class A Ordinary Share,
PERI.csv + Perion Network Ltd. Ordinary Shares,
PETS.csv + PetMed Express Inc. Common Stock,
PFBC.csv + Preferred Bank Common Stock,
PFIE.csv + Profire Energy Inc. Common Stock,
PFIN.csv + P & F Industries Inc. Class A Common Stock,
PFIS.csv + Peoples Financial Services Corp. Common Stock,
PFLT.csv + PennantPark Floating Rate Capital Ltd. Common Stock,
PFMT.csv + Performant Financial Corporation Common Stock,
PFSW.csv + PFSweb Inc. Common Stock,
PHI.csv + PLDT Inc. Sponsored ADR,
PINC.csv + Premier Inc. Class A Common Stock,
PKBK.csv + Parke Bancorp Inc. Common Stock,
PLAB.csv + Photronics Inc. Common Stock,
PLAY.csv + Dave & Buster's Entertainment Inc. Common Stock,
PLBC.csv + Plumas Bancorp,
PLCE.csv + Children's Place Inc. (The) Common Stock,
PLPC.csv + Preformed Line Products Company Common Stock,
PLUG.csv + Plug Power Inc. Common Stock,
PLUS.csv + ePlus inc. Common Stock,
PLXS.csv + Plexus Corp. Common Stock,
PMD.csv + Psychemedics Corporation,
PNBK.csv + Patriot National Bancorp Inc. Common Stock,
PNFP.csv + Pinnacle Financial Partners Inc. Common Stock,
PNNT.csv + PennantPark Investment Corporation Common Stock,
PNRG.csv + PrimeEnergy Resources Corporation Common Stock,
PODD.csv + Insulet Corporation Common Stock,
POOL.csv + Pool Corporation Common Stock,
POWI.csv + Power Integrations Inc. Common Stock,
POWL.csv + Powell Industries Inc. Common Stock,
PPBI.csv + Pacific Premier Bancorp Inc,
PPC.csv + Pilgrim's Pride Corporation Common Stock,
PPG.csv + PPG Industries Inc. Common Stock,
PPSI.csv + Pioneer Power Solutions Inc. Common Stock,
PRAA.csv + PRA Group Inc. Common Stock,
PRFT.csv + Perficient Inc. Common Stock,
PRGS.csv + Progress Software Corporation Common Stock (DE),
PRIM.csv + Primoris Services Corporation Common Stock,
PRMW.csv + Primo Water Corporation Common Stock,
PROV.csv + Provident Financial Holdings Inc. Common Stock,
PRPH.csv + ProPhase Labs Inc. Common Stock (DE),
PRQR.csv + ProQR Therapeutics N.V. Ordinary Shares,
PRTA.csv + Prothena Corporation plc Ordinary Shares,
PRTK.csv + Paratek Pharmaceuticals Inc. Common Stock,
PRTS.csv + CarParts.com Inc. Common Stock,
PSEC.csv + Prospect Capital Corporation Common Stock,
PSMT.csv + PriceSmart Inc. Common Stock,
PSO.csv + Pearson Plc Common Stock,
PTC.csv + PTC Inc. Common Stock,
PTCT.csv + PTC Therapeutics Inc. Common Stock,
PTSI.csv + P.A.M. Transportation Services Inc. Common Stock,
PWOD.csv + Penns Woods Bancorp Inc. Common Stock,
PXLW.csv + Pixelworks Inc.  Common Stock,
PZZA.csv + Papa John's International Inc. Common Stock,
QCOM.csv + QUALCOMM Incorporated Common Stock,
QCRH.csv + QCR Holdings Inc. Common Stock,
QDEL.csv + QuidelOrtho Corporation Common Stock,
QLYS.csv + Qualys Inc. Common Stock,
QNST.csv + QuinStreet Inc. Common Stock,
QRHC.csv + Quest Resource Holding Corporation Common Stock,
QRVO.csv + Qorvo Inc. Common Stock,
QUIK.csv + QuickLogic Corporation Common Stock,
QURE.csv + uniQure N.V. Ordinary Shares,
RAIL.csv + FreightCar America Inc. Common Stock,
RAND.csv + Rand Capital Corporation Common Stock,
RARE.csv + Ultragenyx Pharmaceutical Inc. Common Stock,
RAVE.csv + Rave Restaurant Group Inc. Common Stock,
RBCAA.csv + Republic Bancorp Inc. Class A Common Stock,
RCKY.csv + Rocky Brands Inc. Common Stock,
RCMT.csv + RCM Technologies Inc. Common Stock,
RCON.csv + Recon Technology Ltd. Class A Ordinary Shares,
RDCM.csv + Radcom Ltd. Ordinary Shares,
RDHL.csv + Redhill Biopharma Ltd. American Depositary Shares,
RDI.csv + Reading International Inc Class A Common Stock,
RDNT.csv + RadNet Inc. Common Stock,
RDWR.csv + Radware Ltd. Ordinary Shares,
REFR.csv + Research Frontiers Incorporated Common Stock,
REGN.csv + Regeneron Pharmaceuticals Inc. Common Stock,
RELL.csv + Richardson Electronics Ltd. Common Stock,
RENT.csv + Rent the Runway Inc. Class A Common Stock,
RFIL.csv + RF Industries Ltd. Common Stock,
RGCO.csv + RGC Resources Inc. Common Stock,
RGEN.csv + Repligen Corporation Common Stock,
RGLD.csv + Royal Gold Inc. Common Stock,
RGLS.csv + Regulus Therapeutics Inc. Common Stock,
RGS.csv + Regis Corporation Common Stock,
RIBT.csv + RiceBran Technologies Common Stock,
RICK.csv + RCI Hospitality Holdings Inc. Common Stock,
RIGL.csv + Rigel Pharmaceuticals Inc. Common Stock,
RMBS.csv + Rambus Inc. Common Stock,
RMCF.csv + Rocky Mountain Chocolate Factory Inc. Common Stock,
RMTI.csv + Rockwell Medical Inc. Common Stock,
RNST.csv + Renasant Corporation Common Stock,
ROCK.csv + Gibraltar Industries Inc. Common Stock,
ROIC.csv + Retail Opportunity Investments Corp. Common Stock (MD),
ROST.csv + Ross Stores Inc. Common Stock,
RPRX.csv + Royalty Pharma plc Class A Ordinary Shares,
RRGB.csv + Red Robin Gourmet Burgers Inc. Common Stock,
RUSHA.csv + Rush Enterprises Inc. Common Stock Cl A,
RUTH.csv + Ruth's Hospitality Group Inc. Common Stock,
RVNC.csv + Revance Therapeutics Inc. Common Stock,
RVSB.csv + Riverview Bancorp Inc Common Stock,
RWLK.csv + ReWalk Robotics Ltd. Ordinary Shares,
RXDX.csv + Prometheus Biosciences Inc. Common Stock,
RYAAY.csv + Ryanair Holdings plc American Depositary Shares,
RYI.csv + Ryerson Holding Corporation Common Stock,
S.csv + SentinelOne Inc. Class A Common Stock,
SABR.csv + Sabre Corporation Common Stock,
SAFT.csv + Safety Insurance Group Inc. Common Stock,
SAGE.csv + Sage Therapeutics Inc. Common Stock,
SAIA.csv + Saia Inc. Common Stock,
SAL.csv + Salisbury Bancorp Inc. Common Stock,
SAMG.csv + Silvercrest Asset Management Group Inc. Class A Common Stock,
SANM.csv + Sanmina Corporation Common Stock,
SANW.csv + S&W Seed Company Common Stock (NV),
SASR.csv + Sandy Spring Bancorp Inc. Common Stock,
SATS.csv + EchoStar  Corporation Common Stock,
SAVE.csv + Spirit Airlines Inc. Common Stock,
SBAC.csv + SBA Communications Corporation Class A Common Stock,
SBCF.csv + Seacoast Banking Corporation of Florida Common Stock,
SBFG.csv + SB Financial Group Inc. Common Stock,
SBGI.csv + Sinclair Broadcast Group Inc. Class A Common Stock,
SBLK.csv + Star Bulk Carriers Corp. Common Shares,
SBRA.csv + Sabra Health Care REIT Inc. Common Stock,
SBSI.csv + Southside Bancshares Inc. Common Stock,
SBUX.csv + Starbucks Corporation Common Stock,
SCHL.csv + Scholastic Corporation Common Stock,
SCHN.csv + Schnitzer Steel Industries Inc. Class A Common Stock,
SCOR.csv + comScore Inc. Common Stock,
SCSC.csv + ScanSource Inc. Common Stock,
SCVL.csv + Shoe Carnival Inc. Common Stock,
SCYX.csv + SCYNEXIS Inc. Common Stock,
SEAC.csv + SeaChange International Inc. Common Stock,
SEED.csv + Origin Agritech Limited Common Stock,
SEIC.csv + SEI Investments Company Common Stock,
SENEB.csv + Seneca Foods Corp. Class B Common Stock,
SEV.csv + Sono Group N.V. Common Shares,
SFBC.csv + Sound Financial Bancorp Inc. Common Stock,
SFBS.csv + ServisFirst Bancshares Inc. Common Stock,
SFM.csv + Sprouts Farmers Market Inc. Common Stock,
SFNC.csv + Simmons First National Corporation Class A Common Stock,
SFST.csv + Southern First Bancshares Inc. Common Stock,
SGC.csv + Superior Group of Companies Inc. Common Stock,
SGEN.csv + Seagen Inc. Common Stock,
SGMA.csv + SigmaTron International Inc. Common Stock,
SGRP.csv + SPAR Group Inc. Common Stock,
SHBI.csv + Shore Bancshares Inc Common Stock,
SHEN.csv + Shenandoah Telecommunications Co Common Stock,
SHIP.csv + Seanergy Maritime Holdings Corp Common Stock,
SHOO.csv + Steven Madden Ltd. Common Stock,
SIEB.csv + Siebert Financial Corp. Common Stock,
SIEN.csv + Sientra Inc. Common Stock,
SIFY.csv + Sify Technologies Limited American Depositary Shares,
SIGI.csv + Selective Insurance Group Inc. Common Stock,
SILC.csv + Silicom Ltd Ordinary Shares,
SIMO.csv + Silicon Motion Technology Corporation American Depositary Shares,
SIRI.csv + Sirius XM Holdings Inc. Common Stock,
SKYW.csv + SkyWest Inc. Common Stock,
SLAB.csv + Silicon Laboratories Inc. Common Stock,
SLGN.csv + Silgan Holdings Inc. Common Stock,
SLM.csv + SLM Corporation Common Stock,
SLP.csv + Simulations Plus Inc. Common Stock,
SLRC.csv + SLR Investment Corp. Common Stock,
SLVM.csv + Sylvamo Corporation Common Stock,
SMBC.csv + Southern Missouri Bancorp Inc. Common Stock,
SMCI.csv + Super Micro Computer Inc. Common Stock,
SMLR.csv + Semler Scientific Inc. Common Stock,
SMMF.csv + Summit Financial Group Inc. Common Stock,
SMRT.csv + SmartRent Inc. Class A Common Stock,
SMSI.csv + Smith Micro Software Inc. Common Stock,
SMTC.csv + Semtech Corporation Common Stock,
SNCR.csv + Synchronoss Technologies Inc. Common Stock,
SNFCA.csv + Security National Financial Corporation Class A Common Stock,
SNPS.csv + Synopsys Inc. Common Stock,
SOFO.csv + Sonic Foundry Inc. Common Stock,
SOHO.csv + Sotherly Hotels Inc. Common Stock,
SOHU.csv + Sohu.com Limited American Depositary Shares,
SP.csv + SP Plus Corporation Common Stock,
SPCB.csv + SuperCom Ltd. Ordinary Shares (Israel),
SPLK.csv + Splunk Inc. Common Stock,
SPNS.csv + Sapiens International Corporation N.V. Common Shares (Cayman Islands),
SPOK.csv + Spok Holdings Inc. Common Stock,
SPPI.csv + Spectrum Pharmaceuticals Inc.Common Stock,
SPRO.csv + Spero Therapeutics Inc. Common Stock,
SPSC.csv + SPS Commerce Inc. Common Stock,
SPTN.csv + SpartanNash Company Common Stock,
SPWH.csv + Sportsman's Warehouse Holdings Inc. Common Stock,
SPWR.csv + SunPower Corporation Common Stock,
SPXX.csv + Nuveen S&P 500 Dynamic Overwrite Fund,
SRCE.csv + 1st Source Corporation Common Stock,
SRCL.csv + Stericycle Inc. Common Stock,
SRDX.csv + Surmodics Inc. Common Stock,
SRPT.csv + Sarepta Therapeutics Inc. Common Stock (DE),
SSB.csv + SouthState Corporation Common Stock,
SSBI.csv + Summit State Bank Common Stock,
SSNC.csv + SS&C Technologies Holdings Inc. Common Stock,
SSYS.csv + Stratasys Ltd. Ordinary Shares (Israel),
STAA.csv + STAAR Surgical Company Common Stock,
STBA.csv + S&T Bancorp Inc. Common Stock,
STEM.csv + Stem Inc. Class A Common Stock,
STKL.csv + SunOpta Inc. Common Stock,
STLD.csv + Steel Dynamics Inc.,
STRA.csv + Strategic Education Inc. Common Stock,
STRL.csv + Sterling Infrastructure Inc. Common Stock,
STRM.csv + Streamline Health Solutions Inc. Common Stock,
STRS.csv + Stratus Properties Inc. Common Stock,
STX.csv + Seagate Technology Holdings PLC Ordinary Shares (Ireland),
STXS.csv + Stereotaxis Inc. Common Stock,
SUPN.csv + Supernus Pharmaceuticals Inc. Common Stock,
SURG.csv + SurgePays Inc. Common Stock,
SVVC.csv + Firsthand Technology Value Fund Inc. Common Stock,
SWKS.csv + Skyworks Solutions Inc. Common Stock,
SYBT.csv + Stock Yards Bancorp Inc. Common Stock,
SYNA.csv + Synaptics Incorporated Common Stock $0.001 Par Value,
SYPR.csv + Sypris Solutions Inc. Common Stock,
TACT.csv + TransAct Technologies Incorporated Common Stock,
TAIT.csv + Taitron Components Incorporated Class A Common Stock,
TAST.csv + Carrols Restaurant Group Inc. Common Stock,
TATT.csv + TAT Technologies Ltd. Ordinary Shares,
TAYD.csv + Taylor Devices Inc. Common Stock,
TBBK.csv + The Bancorp Inc Common Stock,
TBNK.csv + Territorial Bancorp Inc. Common Stock,
TBPH.csv + Theravance Biopharma Inc. Ordinary Shares,
TCBI.csv + Texas Capital Bancshares Inc. Common Stock,
TCBK.csv + TriCo Bancshares Common Stock,
TCFC.csv + The Community Financial Corporation Common Stock,
TCPC.csv + BlackRock TCP Capital Corp. Common Stock,
TCX.csv + Tucows Inc. Class A Common Stock,
TEDU.csv + Tarena International Inc. American Depositary Shares,
TEI.csv + Templeton Emerging Markets Income Fund Inc. Common Stock,
TENX.csv + Tenax Therapeutics Inc. Common Stock,
TESS.csv + TESSCO Technologies Incorporated Common Stock,
TGLS.csv + Tecnoglass Inc. Ordinary Shares,
TGTX.csv + TG Therapeutics Inc. Common Stock,
THFF.csv + First Financial Corporation Indiana Common Stock,
THRX.csv + Theseus Pharmaceuticals Inc. Common Stock,
TIGR.csv + UP Fintech Holding Ltd American Depositary Share representing fifteen Class A Ordinary Shares,
TILE.csv + Interface Inc. Common Stock,
TITN.csv + Titan Machinery Inc. Common Stock,
TLF.csv + Tandy Leather Factory Inc. Common Stock,
TNDM.csv + Tandem Diabetes Care Inc. Common Stock,
TNP.csv + Tsakos Energy Navigation Ltd Common Shares,
TNXP.csv + Tonix Pharmaceuticals Holding Corp. Common Stock,
TOPS.csv + TOP Ships Inc. Common Stock,
TOUR.csv + Tuniu Corporation American Depositary Shares,
TOWN.csv + TowneBank Common Stock,
TREE.csv + LendingTree Inc. Common Stock,
TRIB.csv + Trinity Biotech plc American Depositary Shares,
TRIP.csv + TripAdvisor Inc. Common Stock,
TRMK.csv + Trustmark Corporation Common Stock,
TRNS.csv + Transcat Inc. Common Stock,
TROW.csv + T. Rowe Price Group Inc. Common Stock,
TRS.csv + TriMas Corporation Common Stock,
TRST.csv + TrustCo Bank Corp NY Common Stock,
TRUE.csv + TrueCar Inc. Common Stock,
TRVN.csv + Trevena Inc. Common Stock,
TSBK.csv + Timberland Bancorp Inc. Common Stock,
TSCO.csv + Tractor Supply Company Common Stock,
TSEM.csv + Tower Semiconductor Ltd. Ordinary Shares,
TSRI.csv + TSR Inc. Common Stock,
TTEC.csv + TTEC Holdings Inc. Common Stock,
TTEK.csv + Tetra Tech Inc. Common Stock,
TTGT.csv + TechTarget Inc. Common Stock,
TTMI.csv + TTM Technologies Inc. Common Stock,
TTOO.csv + T2 Biosystems Inc. Common Stock,
TWIN.csv + Twin Disc Incorporated Common Stock,
TWOU.csv + 2U Inc. Common Stock,
TXN.csv + Texas Instruments Incorporated Common Stock,
TXRH.csv + Texas Roadhouse Inc. Common Stock,
TYL.csv + Tyler Technologies Inc. Common Stock,
TZOO.csv + Travelzoo Common Stock,
UBCP.csv + United Bancorp Inc. Common Stock,
UBFO.csv + United Security Bancshares Common Stock,
UBSI.csv + United Bankshares Inc. Common Stock,
UCBI.csv + United Community Banks Inc. Common Stock,
UCTT.csv + Ultra Clean Holdings Inc. Common Stock,
UEIC.csv + Universal Electronics Inc. Common Stock,
UFCS.csv + United Fire Group Inc. Common Stock,
UFPI.csv + UFP Industries Inc. Common Stock,
UFPT.csv + UFP Technologies Inc. Common Stock,
UHS.csv + Universal Health Services Inc. Common Stock,
UIHC.csv + United Insurance Holdings Corp. Common Stock,
ULBI.csv + Ultralife Corporation Common Stock,
UMBF.csv + UMB Financial Corporation Common Stock,
UNAM.csv + Unico American Corporation Common Stock,
UNB.csv + Union Bankshares Inc. Common Stock,
UNFI.csv + United Natural Foods Inc. Common Stock,
UNTY.csv + Unity Bancorp Inc. Common Stock,
UPLD.csv + Upland Software Inc. Common Stock,
URBN.csv + Urban Outfitters Inc. Common Stock,
USAP.csv + Universal Stainless & Alloy Products Inc. Common Stock,
USEG.csv + U.S. Energy Corp. Common Stock (DE),
USLM.csv + United States Lime & Minerals Inc. Common Stock,
UTHR.csv + United Therapeutics Corporation Common Stock,
UTMD.csv + Utah Medical Products Inc. Common Stock,
UTSI.csv + UTStarcom Holdings Corp. Ordinary Shares,
UVSP.csv + Univest Financial Corporation Common Stock,
V.csv + Visa Inc.,
VALU.csv + Value Line Inc. Common Stock,
VBFC.csv + Village Bank and Trust Financial Corp. Common Stock,
VBIV.csv + VBI Vaccines Inc. New Common Stock (Canada),
VBLT.csv + Vascular Biogenics Ltd. Ordinary Shares,
VBTX.csv + Veritex Holdings Inc. Common Stock,
VCEL.csv + Vericel Corporation Common Stock,
VCYT.csv + Veracyte Inc. Common Stock,
VECO.csv + Veeco Instruments Inc. Common Stock,
VICR.csv + Vicor Corporation Common Stock,
VLGEA.csv + Village Super Market Inc. Class A Common Stock,
VLY.csv + Valley National Bancorp Common Stock,
VNDA.csv + Vanda Pharmaceuticals Inc. Common Stock,
VNET.csv + VNET Group Inc. American Depositary Shares,
VNOM.csv + Viper Energy Partners LP Common Unit,
VOD.csv + Vodafone Group Plc American Depositary Shares,
VOXX.csv + VOXX International Corporation Class A Common Stock,
VRA.csv + Vera Bradley Inc. Common Stock,
VRNS.csv + Varonis Systems Inc. Common Stock,
VRNT.csv + Verint Systems Inc. Common Stock,
VRSK.csv + Verisk Analytics Inc. Common Stock,
VRSN.csv + VeriSign Inc. Common Stock,
VRTS.csv + Virtus Investment Partners Inc. Common Stock,
VRTX.csv + Vertex Pharmaceuticals Incorporated Common Stock,
VSAT.csv + ViaSat Inc. Common Stock,
VSEC.csv + VSE Corporation Common Stock,
VSTM.csv + Verastem Inc. Common Stock,
VTNR.csv + Vertex Energy Inc Common Stock,
VTR.csv + Ventas Inc. Common Stock,
WABC.csv + Westamerica Bancorporation Common Stock,
WAFD.csv + Washington Federal Inc. Common Stock,
WASH.csv + Washington Trust Bancorp Inc. Common Stock,
WATT.csv + Energous Corporation Common Stock,
WB.csv + Weibo Corporation American Depositary Share,
WBA.csv + Walgreens Boots Alliance Inc. Common Stock,
WDC.csv + Western Digital Corporation Common Stock,
WEN.csv + Wendy's Company (The) Common Stock,
WERN.csv + Werner Enterprises Inc. Common Stock,
WEYS.csv + Weyco Group Inc. Common Stock,
WHF.csv + WhiteHorse Finance Inc. Common Stock,
WHLM.csv + Wilhelmina International Inc. Common Stock,
WHLR.csv + Wheeler Real Estate Investment Trust Inc. Common Stock,
WINA.csv + Winmark Corporation Common Stock,
WIRE.csv + Encore Wire Corporation Common Stock,
WIX.csv + Wix.com Ltd. Ordinary Shares,
WLDN.csv + Willdan Group Inc. Common Stock,
WLFC.csv + Willis Lease Finance Corporation Common Stock,
WOOF.csv + Petco Health and Wellness Company Inc. Class A Common Stock,
WRLD.csv + World Acceptance Corporation Common Stock,
WSBC.csv + WesBanco Inc. Common Stock,
WSBF.csv + Waterstone Financial Inc. Common Stock (MD),
WSFS.csv + WSFS Financial Corporation Common Stock,
WTBA.csv + West Bancorporation Common Stock,
WTFC.csv + Wintrust Financial Corporation Common Stock,
WVVI.csv + Willamette Valley Vineyards Inc. Common Stock,
WWD.csv + Woodward Inc. Common Stock,
WYNN.csv + Wynn Resorts Limited Common stock,
XENE.csv + Xenon Pharmaceuticals Inc. Common Shares,
XNCR.csv + Xencor Inc. Common Stock,
XNET.csv + Xunlei Limited American Depositary Shares,
XOMA.csv + XOMA Corporation Common Stock,
XTLB.csv + XTL Biopharmaceuticals Ltd. American Depositary Shares,
YORW.csv + York Water Company (The) Common Stock,
YY.csv + JOYY Inc. American Depositary Shares,
Z.csv + Zillow Group Inc. Class C Capital Stock,
ZBRA.csv + Zebra Technologies Corporation Class A Common Stock,
ZEUS.csv + Olympic Steel Inc. Common Stock,
ZION.csv + Zions Bancorporation N.A. Common Stock,
ZUMZ.csv + Zumiez Inc. Common Stock,
AAVL.csv,
AAWW.csv,
ABCD.csv,
ABCO.csv,
ABMD.csv,
ACFC.csv,
ACFN.csv,
ACHN.csv,
ACTA.csv,
ACUR.csv,
ADXS.csv,
AELTF.csv,
AERI.csv,
AFAM.csv,
AFCB.csv,
AFSI.csv,
AGTC.csv,
AHGP.csv,
AHPI.csv,
AIMC.csv,
AIQ.csv,
AJISF.csv,
ALOG.csv,
ALSD.csv,
AMCF.csv,
ANAC.csv,
ANCB.csv,
ANCX.csv,
ANTH.csv,
ARCK.csv,
ARCW.csv,
ARII.csv,
ATAX.csv,
AVEO.csv,
AWAY.csv,
AXAS.csv,
BBLU.csv,
BBOX.csv,
BBRG.csv,
BCMXY.csv,
BCOR.csv,
BDMS.csv,
BDSI.csv,
BEBE.csv,
BGMD.csv,
BIND.csv,
BITRF.csv,
BNFT.csv,
BSF.csv,
BSPM.csv,
BSTG.csv,
BYBK.csv,
CACH.csv,
CALA.csv,
CALD.csv,
CALL.csv,
CAVM.csv,
CBFC.csv,
CCIH.csv,
CCUR.csv,
CCXI.csv,
CDTI.csv,
CECE.csv,
CFNB.csv,
CHFN.csv,
CHSYF.csv,
CLRI.csv,
CLVS.csv,
CMOXF.csv,
CNBZ.csv,
CNCE.csv,
CNXR.csv,
COBZ.csv,
CORI.csv,
CPICQ.csv,
CPLA.csv,
CRTN.csv,
CSBK.csv,
CWAY.csv,
CXDC.csv,
CYBE.csv,
CYIO.csv,
CYRN.csv,
DARA.csv,
DFEL.csv,
DMFG.csv,
DRIV.csv,
DWCH.csv,
DXM.csv,
DYSL.csv,
ECOL.csv,
ECYT.csv,
EDGW.csv,
EDSFF.csv,
EFLVF.csv,
ELON.csv,
EMCF.csv,
EMITF.csv,
EMMS.csv,
ENBP.csv,
ENTR.csv,
ENZN.csv,
ESCR.csv,
ESIO.csv,
ESMC.csv,
ESRX.csv,
ETOLF.csv,
EVOL.csv,
EXAC.csv,
FALC.csv,
FCMGF.csv,
FEI.csv,
FFHL.csv,
FFKT.csv,
FFNM.csv,
FINL.csv,
FMI.csv,
FNHC.csv,
FNRG.csv,
FSFF.csv,
FWP.csv,
GALE.csv,
GBIM.csv,
GBLX.csv,
GBNK.csv,
GCRIF.csv,
GK.csv,
GLRI.csv,
GMAN.csv,
GNBC.csv,
GNCA.csv,
GNCMA.csv,
GNCNF.csv,
GNOW.csv,
GRSFF.csv,
GSIG.csv,
GULTU.csv,
HART.csv,
HAWK.csv,
HCOM.csv,
HDNG.csv,
HDP.csv,
HERO.csv,
HMNY.csv,
HNRDF.csv,
HQCL.csv,
ICLD.csv,
IDRA.csv,
IGLD.csv,
IMIAY.csv,
INTL.csv,
INTX.csv,
IPAS.csv,
IPCC.csv,
IPXL.csv,
ISBC.csv,
ITSXF.csv,
IUSPF.csv,
IUTCF.csv,
IUTSF.csv,
JMBA.csv,
JPM-PC.csv,
JTPY.csv,
JUNO.csv,
JXSB.csv,
KANG.csv,
KCLI.csv,
KERX.csv,
KEYW.csv,
KGJI.csv,
KLXI.csv,
KTEC.csv,
KTWO.csv,
LAYN.csv,
LGCY.csv,
LIME.csv,
LION.csv,
LMDCF.csv,
LNDC.csv,
LOCM.csv,
LPNT.csv,
LTRE.csv,
LVWD.csv,
MATR.csv,
MCBK.csv,
MCCK.csv,
MCFUF.csv,
MCOA.csv,
MEIL.csv,
MICT.csv,
MITL.csv,
MOBL.csv,
MOG-A.csv,
MSCC.csv,
MSFG.csv,
MTBC.csv,
MZOR.csv,
NAUH.csv,
NCLIP.csv,
NILE.csv,
NLST.csv,
NOXL.csv,
NRCIB.csv,
NWBO.csv,
OCLR.csv,
OIIM.csv,
OMRNY.csv,
ONEQ.csv,
ORIG.csv,
OTIC.csv,
PAOTF.csv,
PBSK.csv,
PERY.csv,
PFBX.csv,
PLPL.csv,
PME.csv,
PRAY.csv,
PREC.csv,
PRKR.csv,
PRSS.csv,
PSBQ.csv,
PSIX.csv,
PTNR.csv,
PYS.csv,
QBAK.csv,
QCCO.csv,
QIFTF.csv,
QKLS.csv,
QTNT.csv,
QUMU.csv,
RADA.csv,
RBCN.csv,
REGI.csv,
REIS.csv,
RELV.csv,
RHDGF.csv,
RITT.csv,
RLJE.csv,
RMGN.csv,
RNWK.csv,
ROYL.csv,
RSYS.csv,
RTGN.csv,
RWMI.csv,
SBNY.csv,
SCTY.csv,
SCYT.csv,
SDAD.csv,
SEMI.csv,
SGBI.csv,
SHERF.csv,
SHLD.csv,
SHLM.csv,
SHPG.csv,
SIFI.csv,
SIVB.csv,
SIXD.csv,
SKPI.csv,
SKYAY.csv,
SKYS.csv,
SMIT.csv,
SNMX.csv,
SNSGF.csv,
SODA.csv,
SONC.csv,
SPDC.csv,
SPIL.csv,
SRNE.csv,
STBZ.csv,
STLY.csv,
STRN.csv,
SVA.csv,
SWIR.csv,
SWSH.csv,
SYNT.csv,
TBK.csv,
TCCO.csv,
TGA.csv,
TGEN.csv,
TLOG.csv,
TORM.csv,
TSSI.csv,
TWER.csv,
UBOH.csv,
UCBA.csv,
ULTR.csv,
UMPQ.csv,
VIDE.csv,
VIEWF.csv,
VIVO.csv,
VLNSF.csv,
VRTB.csv,
WAYN.csv,
WEB.csv,
WETF.csv,
WLKR.csv,
WNDLF.csv,
WSCI.csv,
WSTG.csv,
WSTL.csv,
WVFC.csv,
WWSG.csv,
XCRA.csv,
XONE.csv,
XPLR.csv,
YNDX.csv,
ZAZA.csv,
ZOES.csv,